{
    "load_time_sec": 1.0097050666809082,
    "train_time_sec": 4.617614269256592,
    "auc": 0.9466462407979511,
    "inference_1_row_sec": 0.0005755424499511719
}